{
  "train_loss": [
    0.46234187428365275,
    0.2618084563930845,
    0.2248658128854093,
    0.20736685564364393,
    0.18592254033575029,
    0.17734500281998397,
    0.1720296483404043,
    0.15730642306366993,
    0.15557513306591592,
    0.1500467156007189,
    0.14121711630077083,
    0.13416097973019137,
    0.13059789780384512
  ],
  "train_acc": [
    0.8422641871165644,
    0.914949194785276,
    0.9269435391104295,
    0.9321319018404908,
    0.938003259202454,
    0.940208013803681,
    0.9435750575153374,
    0.9469900306748467,
    0.9469660659509203,
    0.9490030674846626,
    0.9516511694785276,
    0.9541075536809815,
    0.9546227952453987
  ],
  "val_loss": [
    0.08514044433832169,
    0.06292717158794403,
    0.025963470339775085,
    0.040104687213897705,
    0.019210845232009888,
    0.01223758514970541,
    0.0146202202886343,
    0.011599216610193253,
    0.008021585643291473,
    0.008240404538810253,
    0.012061707675457,
    0.00853121466934681,
    0.01592678390443325
  ],
  "val_acc": [
    0.9375,
    0.96875,
    1.0,
    0.96875,
    1.0,
    1.0,
    1.0,
    1.0,
    1.0,
    1.0,
    1.0,
    1.0,
    1.0
  ],
  "learning_rate": [
    0.0009990143508499217,
    0.0009960612933065818,
    0.00099115248173898,
    0.0009843072889837512,
    0.0009755527298894294,
    0.0009649233547011816,
    0.0009524611127067769,
    0.0009382151866819099,
    0.0009222417987882566,
    0.0009046039886902864,
    0.0008853713647665069,
    0.0008646198293969952,
    0.0008424312794113801
  ]
}